id,Name,quantity
A1,saree,0
A2,saree,0
A3,saree,0
A4,saree,0
A5,saree,0
A6,saree,0
A7,saree,0
A8,saree,0
A9,saree,0
A10,saree,0
A11,saree,0
A12,saree,0
A13,saree,0
A14,saree,0
A15,saree,0
A16,saree,0
A17,saree,0
A18,saree,0
A19,saree,0
A20,saree,0
A21,saree,0
A22,saree,0
A23,saree,0
A24,saree,0
A25,saree,0
A26,saree,0
A27,saree,0
A28,saree,0
A29,saree,0
A30,saree,0
A31,saree,0
A32,saree,0
A33,saree,0
A34,saree,0
A35,saree,0
A36,saree,0
A37,saree,0
A38,saree,0
A39,saree,0
A40,saree,0
A41,saree,0
A42,saree,0
A43,saree,0
A44,saree,0
A45,saree,0
A46,saree,0
A47,saree,0
A48,saree,0
A49,saree,0
A50,saree,0
A51,saree,0
A52,saree,0
A53,saree,0
A54,saree,0
A55,saree,0
A56,saree,0
A57,saree,0
A58,saree,0
A59,saree,0
A60,saree,0
A61,saree,0
A62,saree,0
A63,saree,0
A64,saree,0
A65,saree,0
A66,saree,0
A67,saree,0
A68,saree,0
A69,saree,0
A70,saree,0
A71,saree,0
A72,saree,0
A73,saree,0
A74,saree,0
A75,saree,0
A76,saree,0
A77,saree,0
A78,saree,0
A79,saree,0
A80,saree,0
A81,saree,0
A82,saree,0
A83,saree,0
A84,saree,0
A85,saree,0
A86,saree,0
A87,saree,0
A88,saree,0
A89,saree,0
A90,saree,0
A91,saree,0
A92,saree,0
A93,saree,0
A94,saree,0
A95,saree,0
A96,saree,0
A97,saree,0
A98,saree,0
A99,saree,0
A100,saree,0
A101,saree,0
A102,saree,0
A103,saree,0
A104,saree,0
A105,saree,0
A106,saree,0
A107,saree,0
A108,saree,0
A109,saree,0
A110,saree,0
A111,saree,0
A112,saree,0
A113,saree,0
A114,saree,0
A115,saree,0
A116,saree,0
A117,saree,0
A118,saree,0
A119,saree,0
A120,saree,0
A121,saree,0
A122,saree,0
A123,saree,0
A124,saree,0
A125,saree,0
A126,saree,0
A127,saree,0
A128,saree,0
A129,saree,0
A130,saree,0
A131,saree,0
A132,saree,0
A133,saree,0
A134,saree,0
A135,saree,0
A136,saree,0
A137,saree,0
A138,saree,0
A139,saree,0
A140,saree,0
A141,saree,0
A142,saree,0
A143,saree,0
A144,saree,0
A145,saree,0
A146,saree,0
A147,saree,0
A148,saree,0
A149,saree,0
A150,saree,0
A151,saree,0
A152,saree,0
A153,saree,0
A154,saree,0
A155,saree,0
A156,saree,0
A157,saree,0
A158,saree,0
A159,saree,0
A160,saree,0
A161,saree,0
A162,saree,0
A163,saree,0
A164,saree,0
A165,saree,0
A166,saree,0
A167,saree,0
A168,saree,0
A169,saree,0
A170,saree,0
A171,saree,0
A172,saree,0
A173,saree,0
A174,saree,0
A175,saree,0
A176,saree,0
A177,saree,0
A178,saree,0
A179,saree,0
A180,saree,0
A181,saree,0
A182,saree,0
A183,saree,0
A184,saree,0
A185,saree,0
A186,saree,0
A187,saree,0
A188,saree,0
A189,saree,0
A190,saree,0
A191,saree,0
A192,saree,0
A193,saree,0
A194,saree,0
A195,saree,0
A196,saree,0
A197,saree,0
A198,saree,0
A199,saree,0
A200,saree,0
A201,saree,0
A202,saree,0
A203,saree,0
A204,saree,0
A205,saree,0
A206,saree,0
A207,saree,0
A208,saree,0
A209,saree,0
A210,saree,0
A211,saree,0
A212,saree,0
A213,saree,0
A214,saree,0
A215,saree,0
A216,saree,0
A217,saree,0
A218,saree,0
A219,saree,0
A220,saree,0
A221,saree,0
A222,saree,0
A223,saree,0
A224,saree,0
A225,saree,0
A226,saree,0
A227,saree,0
A228,saree,0
A229,saree,0
A230,saree,0
A231,saree,0
A232,saree,0
A233,saree,0
A234,saree,0
A235,saree,0
A236,saree,0
A237,saree,0
A238,saree,0
A239,saree,0
A240,saree,0
A241,saree,0
A242,saree,0
A243,saree,0
A244,saree,0
A245,saree,0
A246,saree,0
A247,saree,0
A248,saree,0
A249,saree,0
A250,saree,0
A251,saree,0
A252,saree,0
A253,saree,0
A254,saree,0
A255,saree,0
A256,saree,0
A257,saree,0
A258,saree,0
A259,saree,0
A260,saree,0
A261,saree,0
A262,saree,0
A263,saree,0
A264,saree,0
A265,saree,0
A266,saree,0
A267,saree,0
A268,saree,0
A269,saree,0
A270,saree,0
A271,saree,0
A272,saree,0
A273,saree,0
A274,saree,0
A275,saree,0
A276,saree,0
A277,saree,0
A278,saree,0
A279,saree,0
A280,saree,0
A281,saree,0
A282,saree,0
A283,saree,0
A284,saree,0
A285,saree,0
A286,saree,0
A287,saree,0
A288,saree,0
A289,saree,0
A290,saree,0
A291,saree,0
A292,saree,0
A293,saree,0
A294,saree,0
A295,saree,0
A296,saree,0
A297,saree,0
A298,saree,0
A299,saree,0
A300,saree,0
A301,saree,0
A302,saree,0
A303,saree,0
A304,saree,0
A305,saree,0
A306,saree,0
A307,saree,0
A308,saree,0
A309,saree,0
A310,saree,0
A311,saree,0
A312,saree,0
A313,saree,0
A314,saree,0
A315,saree,0
A316,saree,0
A317,saree,0
A318,saree,0
A319,saree,0
A320,saree,0
A321,saree,0
A322,saree,0
A323,saree,0
A324,saree,0
A325,saree,0
A326,saree,0
A327,saree,0
A328,saree,0
A329,saree,0
A330,saree,0
A331,saree,0
A332,saree,0
A333,saree,0
A334,saree,0
A335,saree,0
A336,saree,0
A337,saree,0
A338,saree,0
A339,saree,0
A340,saree,0
A341,saree,0
A342,saree,0
A343,saree,0
A344,saree,0
A345,saree,0
A346,saree,0
A347,saree,0
A348,saree,0
A349,saree,0
A350,saree,0
A351,saree,0
A352,saree,0
A353,saree,0
A354,saree,0
A355,saree,0
A356,saree,0
A357,saree,0
A358,saree,0
A359,saree,0
A360,saree,0
A361,saree,0
A362,saree,0
A363,saree,0
A364,saree,0
A365,saree,0
A366,saree,0
A367,saree,0
A368,saree,0
A369,saree,0
A370,saree,0
A371,saree,0
A372,saree,0
A373,saree,0
A374,saree,0
A375,saree,0
A376,saree,0
A377,saree,0
A378,saree,0
A379,saree,0
A380,saree,0
A381,saree,0
A382,saree,0
A383,saree,0
A384,saree,0
A385,saree,0
A386,saree,0
A387,saree,0
A388,saree,0
A389,saree,0
A390,saree,0
A391,saree,0
A392,saree,0
A393,saree,0
A394,saree,0
A395,saree,0
A396,saree,0
A397,saree,0
A398,saree,0
A399,saree,0
A400,saree,0
A401,saree,0
A402,saree,0
A403,saree,0
A404,saree,0
A405,saree,0
A406,saree,0
A407,saree,0
A408,saree,0
A409,saree,0
A410,saree,0
A411,saree,0
A412,saree,0
A413,saree,0
A414,saree,0
A415,saree,0
A416,saree,0
A417,saree,0
A418,saree,0
A419,saree,0
A420,saree,0
A421,saree,0
A422,saree,0
A423,saree,0
A424,saree,0
A425,saree,0
A426,saree,0
A427,saree,0
A428,saree,0
A429,saree,0
A430,saree,0
A431,saree,0
A432,saree,0
A433,saree,0
A434,saree,0
A435,saree,0
A436,saree,0
A437,saree,0
A438,saree,0
A439,saree,0
A440,saree,0
A441,saree,0
A442,saree,0
A443,saree,0
A444,saree,0
A445,saree,0
A446,saree,0
A447,saree,0
A448,saree,0
A449,saree,0
A450,saree,0
A451,saree,0
A452,saree,0
A453,saree,0
A454,saree,0
A455,saree,0
A456,saree,0
A457,saree,0
A458,saree,0
A459,saree,0
A460,saree,0
A461,saree,0
A462,saree,0
A463,saree,0
A464,saree,0
A465,saree,0
A466,saree,0
A467,saree,0
A468,saree,0
A469,saree,0
A470,saree,0
A471,saree,0
A472,saree,0
A473,saree,0
A474,saree,0
A475,saree,0
A476,saree,0
A477,saree,0
A478,saree,0
A479,saree,0
A480,saree,0
A481,saree,0
A482,saree,0
A483,saree,0
A484,saree,0
A485,saree,0
A486,saree,0
A487,saree,0
A488,saree,0
A489,saree,0
A490,saree,0
A491,saree,0
A492,saree,0
A493,saree,0
A494,saree,0
A495,saree,0
A496,saree,0
A497,saree,0
A498,saree,0
A499,saree,0
A500,saree,0
A501,saree,0
A502,saree,0
A503,saree,0
A504,saree,0
A505,saree,0
A506,saree,0
A507,saree,0
A508,saree,0
A509,saree,0
A510,saree,0
A511,saree,0
A512,saree,0
A513,saree,0
A514,saree,0
A515,saree,0
A516,saree,0
A517,saree,0
A518,saree,0
A519,saree,0
A520,saree,0
A521,saree,0
A522,saree,0
A523,saree,0
A524,saree,0
A525,saree,0
A526,saree,0
A527,saree,0
A528,saree,0
A529,saree,0
A530,saree,0
A531,saree,0
A532,saree,0
A533,saree,0
A534,saree,0
A535,saree,0
A536,saree,0
A537,saree,0
A538,saree,0
A539,saree,0
A540,saree,0
A541,saree,0
A542,saree,0
A543,saree,0
A544,saree,0
A545,saree,0
A546,saree,0
A547,saree,0
A548,saree,0
A549,saree,0
A550,saree,0
A551,saree,0
A552,saree,0
A553,saree,0
A554,saree,0
A555,saree,0
A556,saree,0
A557,saree,0
A558,saree,0
A559,saree,0
A560,saree,0
A561,saree,0
A562,saree,0
A563,saree,0
A564,saree,0
A565,saree,0
A566,saree,0
A567,saree,0
A568,saree,0
A569,saree,0
A570,saree,0
A571,saree,0
A572,saree,0
A573,saree,0
A574,saree,0
A575,saree,0
A576,saree,0
A577,saree,0
A578,saree,0
A579,saree,0
A580,saree,0
A581,saree,0
A582,saree,0
A583,saree,0
A584,saree,0
A585,saree,0
A586,saree,0
A587,saree,0
A588,saree,0
A589,saree,0
A590,saree,0
A591,saree,0
A592,saree,0
A593,saree,0
A594,saree,0
A595,saree,0
A596,saree,0
A597,saree,0
A598,saree,0
A599,saree,0
A600,saree,0
A601,saree,0
A602,saree,0
A603,saree,0
A604,saree,0
A605,saree,0
A606,saree,0
A607,saree,0
A608,saree,0
A609,saree,0
A610,saree,0
A611,saree,0
A612,saree,0
A613,saree,0
A614,saree,0
A615,saree,0
A616,saree,0
A617,saree,0
A618,saree,0
A619,saree,0
A620,saree,0
A621,saree,0
A622,saree,0
A623,saree,0
A624,saree,0
A625,saree,0
A626,saree,0
A627,saree,0
A628,saree,0
A629,saree,0
A630,saree,0
A631,saree,0
A632,saree,0
A633,saree,0
A634,saree,0
A635,saree,0
A636,saree,0
A637,saree,0
A638,saree,0
A639,saree,0
A640,saree,0
A641,saree,0
A642,saree,0
A643,saree,0
A644,saree,0
A645,saree,0
A646,saree,0
A647,saree,0
A648,saree,0
A649,saree,0
A650,saree,0
A651,saree,0
A652,saree,0
A653,saree,0
A654,saree,0
A655,saree,0
A656,saree,0
A657,saree,0
A658,saree,0
A659,saree,0
A660,saree,0
A661,saree,0
A662,saree,0
A663,saree,0
A664,saree,0
A665,saree,0
A666,saree,0
A667,saree,0
A668,saree,0
A669,saree,0
A670,saree,0
A671,saree,0
A672,saree,0
A673,saree,0
A674,saree,0
A675,saree,0
A676,saree,0
A677,saree,0
A678,saree,0
A679,saree,0
A680,saree,0
A681,saree,0
A682,saree,0
A683,saree,0
A684,saree,0
A685,saree,0
A686,saree,0
A687,saree,0
A688,saree,0
A689,saree,0
A690,saree,0
A691,saree,0
A692,saree,0
A693,saree,0
A694,saree,0
A695,saree,0
A696,saree,0
A697,saree,0
A698,saree,0
A699,saree,0
A700,saree,0
A701,saree,0
A702,saree,0
A703,saree,0
A704,saree,0
A705,saree,0
A706,saree,0
A707,saree,0
A708,saree,0
A709,saree,0
A710,saree,0
A711,saree,0
A712,saree,0
A713,saree,0
A714,saree,0
A715,saree,0
A716,saree,0
A717,saree,0
A718,saree,0
A719,saree,0
A720,saree,0
A721,saree,0
A722,saree,0
A723,saree,0
A724,saree,0
A725,saree,0
A726,saree,0
A727,saree,0
A728,saree,0
A729,saree,0
A730,saree,0
A731,saree,0
A732,saree,0
A733,saree,0
A734,saree,0
A735,saree,0
A736,saree,0
A737,saree,0
A738,saree,0
A739,saree,0
A740,saree,0
A741,saree,0
A742,saree,0
A743,saree,0
A744,saree,0
A745,saree,0
A746,saree,0
A747,saree,0
A748,saree,0
A749,saree,0
A750,saree,0
A751,saree,0
A752,saree,0
A753,saree,0
A754,saree,0
A755,saree,0
A756,saree,0
A757,saree,0
A758,saree,0
A759,saree,0
A760,saree,0
A761,saree,0
A762,saree,0
A763,saree,0
A764,saree,0
A765,saree,0
A766,saree,0
A767,saree,0
A768,saree,0
A769,saree,0
A770,saree,0
A771,saree,0
A772,saree,0
A773,saree,0
A774,saree,0
A775,saree,0
A776,saree,0
A777,saree,0
A778,saree,0
A779,saree,0
A780,saree,0
A781,saree,0
A782,saree,0
A783,saree,0
A784,saree,0
A785,saree,0
A786,saree,0
A787,saree,0
A788,saree,0
A789,saree,0
A790,saree,0
A791,saree,0
A792,saree,0
A793,saree,0
A794,saree,0
A795,saree,0
A796,saree,0
A797,saree,0
A798,saree,0
A799,saree,0
A800,saree,0
A801,saree,0
A802,saree,0
A803,saree,0
A804,saree,0
A805,saree,0
A806,saree,0
A807,saree,0
A808,saree,0
A809,saree,0
A810,saree,0
A811,saree,0
A812,saree,0
A813,saree,0
A814,saree,0
A815,saree,0
A816,saree,0
A817,saree,0
A818,saree,0
A819,saree,0
A820,saree,0
A821,saree,0
A822,saree,0
A823,saree,0
A824,saree,0
A825,saree,0
A826,saree,0
A827,saree,0
A828,saree,0
A829,saree,0
A830,saree,0
A831,saree,0
A832,saree,0
A833,saree,0
A834,saree,0
A835,saree,0
A836,saree,0
A837,saree,0
A838,saree,0
A839,saree,0
A840,saree,0
A841,saree,0
A842,saree,0
A843,saree,0
A844,saree,0
A845,saree,0
A846,saree,0
A847,saree,0
A848,saree,0
A849,saree,0
A850,saree,0
A851,saree,0
A852,saree,0
A853,saree,0
A854,saree,0
A855,saree,0
A856,saree,0
A857,saree,0
A858,saree,0
A859,saree,0
A860,saree,0
A861,saree,0
A862,saree,0
A863,saree,0
A864,saree,0
A865,saree,0
A866,saree,0
A867,saree,0
A868,saree,0
A869,saree,0
A870,saree,0
A871,saree,0
A872,saree,0
A873,saree,0
A874,saree,0
A875,saree,0
A876,saree,0
A877,saree,0
A878,saree,0
A879,saree,0
A880,saree,0
A881,saree,0
A882,saree,0
A883,saree,0
A884,saree,0
A885,saree,0
A886,saree,0
A887,saree,0
A888,saree,0
A889,saree,0
A890,saree,0
A891,saree,0
A892,saree,0
A893,saree,0
A894,saree,0
A895,saree,0
A896,saree,0
A897,saree,0
A898,saree,0
A899,saree,0
A900,saree,0
A901,saree,0
A902,saree,0
A903,saree,0
A904,saree,0
A905,saree,0
A906,saree,0
A907,saree,0
A908,saree,0
A909,saree,0
A910,saree,0
A911,saree,0
A912,saree,0
A913,saree,0
A914,saree,0
A915,saree,0
A916,saree,0
A917,saree,0
A918,saree,0
A919,saree,0
A920,saree,0
A921,saree,0
A922,saree,0
A923,saree,0
A924,saree,0
A925,saree,0
A926,saree,0
A927,saree,0
A928,saree,0
A929,saree,0
A930,saree,0
A931,saree,0
A932,saree,0
A933,saree,0
A934,saree,0
A935,saree,0
A936,saree,0
A937,saree,0
A938,saree,0
A939,saree,0
A940,saree,0
A941,saree,0
A942,saree,0
A943,saree,0
A944,saree,0
A945,saree,0
A946,saree,0
A947,saree,0
A948,saree,0
A949,saree,0
A950,saree,0
A951,saree,0
A952,saree,0
A953,saree,0
A954,saree,0
A955,saree,0
A956,saree,0
A957,saree,0
A958,saree,0
A959,saree,0
A960,saree,0
A961,saree,0
A962,saree,0
A963,saree,0
A964,saree,0
A965,saree,0
A966,saree,0
A967,saree,0
A968,saree,0
A969,saree,0
A970,saree,0
A971,saree,0
A972,saree,0
A973,saree,0
A974,saree,0
A975,saree,0
A976,saree,0
A977,saree,0
A978,saree,0
A979,saree,0
A980,saree,0
A981,saree,0
A982,saree,0
A983,saree,0
A984,saree,0
A985,saree,0
A986,saree,0
A987,saree,0
A988,saree,0
A989,saree,0
A990,saree,0
A991,saree,0
A992,saree,0
A993,saree,0
A994,saree,0
A995,saree,0
A996,saree,0
A997,saree,0
A998,saree,0
A999,saree,0
A1000,saree,0
A1001,saree,0
A1002,saree,0
A1003,saree,0
A1004,saree,0
A1005,saree,0
A1006,saree,0
A1007,saree,0
A1008,saree,0
A1009,saree,0
A1010,saree,0
A1011,saree,0
A1012,saree,0
A1013,saree,0
A1014,saree,0
A1015,saree,0
A1016,saree,0
A1017,saree,0
A1018,saree,0
A1019,saree,0
A1020,saree,0
A1021,saree,0
A1022,saree,0
A1023,saree,0
A1024,saree,0
A1025,saree,0
A1026,saree,0
A1027,saree,0
A1028,saree,0
A1029,saree,0
A1030,saree,0
A1031,saree,0
A1032,saree,0
A1033,saree,0
A1034,saree,0
A1035,saree,0
A1036,saree,0
A1037,saree,0
A1038,saree,0
A1039,saree,0
A1040,saree,0
A1041,saree,0
A1042,saree,0
A1043,saree,0
A1044,saree,0
A1045,saree,0
A1046,saree,0
A1047,saree,0
A1048,saree,0
A1049,saree,0
A1050,saree,0
A1051,saree,0
A1052,saree,0
A1053,saree,0
A1054,saree,0
A1055,saree,0
A1056,saree,0
A1057,saree,0
A1058,saree,0
A1059,saree,0
A1060,saree,0
A1061,saree,0
A1062,saree,0
A1063,saree,0
A1064,saree,0
A1065,saree,0
A1066,saree,0
A1067,saree,0
A1068,saree,0
A1069,saree,0
A1070,saree,0
A1071,saree,0
A1072,saree,0
A1073,saree,0
A1074,saree,0
A1075,saree,0
A1076,saree,0
A1077,saree,0
A1078,saree,0
A1079,saree,0
A1080,saree,0
A1081,saree,0
A1082,saree,0
A1083,saree,0
A1084,saree,0
A1085,saree,0
A1086,saree,0
A1087,saree,0
A1088,saree,0
A1089,saree,0
A1090,saree,0
A1091,saree,0
A1092,saree,0
A1093,saree,0
A1094,saree,0
A1095,saree,0
A1096,saree,0
A1097,saree,0
A1098,saree,0
A1099,saree,0
A1100,saree,0
A1101,saree,0
A1102,saree,0
A1103,saree,0
A1104,saree,0
A1105,saree,0
A1106,saree,0
A1107,saree,0
A1108,saree,0
A1109,saree,0
A1110,saree,0
A1111,saree,0
A1112,saree,0
A1113,saree,0
A1114,saree,0
A1115,saree,0
A1116,saree,0
A1117,saree,0
A1118,saree,0
A1119,saree,0
A1120,saree,0
A1121,saree,0
A1122,saree,0
A1123,saree,0
A1124,saree,0
A1125,saree,0
A1126,saree,0
A1127,saree,0
A1128,saree,0
A1129,saree,0
A1130,saree,0
A1131,saree,0
A1132,saree,0
A1133,saree,0
A1134,saree,0
A1135,saree,0
A1136,saree,0
A1137,saree,0
A1138,saree,0
A1139,saree,0
A1140,saree,0
A1141,saree,0
A1142,saree,0
A1143,saree,0
A1144,saree,0
A1145,saree,0
A1146,saree,0
A1147,saree,0
A1148,saree,0
A1149,saree,0
A1150,saree,0
A1151,saree,0
A1152,saree,0
A1153,saree,0
A1154,saree,0
A1155,saree,0
A1156,saree,0
A1157,saree,0
A1158,saree,0
A1159,saree,0
A1160,saree,0
A1161,saree,0
A1162,saree,0
A1163,saree,0
A1164,saree,0
A1165,saree,0
A1166,saree,0
A1167,saree,0
A1168,saree,0
A1169,saree,0
A1170,saree,0
A1171,saree,0
A1172,saree,0
A1173,saree,0
A1174,saree,0
A1175,saree,0
A1176,saree,0
A1177,saree,0
A1178,saree,0
A1179,saree,0
A1180,saree,0
A1181,saree,0
A1182,saree,0
A1183,saree,0
A1184,saree,0
A1185,saree,0
A1186,saree,0
A1187,saree,0
A1188,saree,0
A1189,saree,0
A1190,saree,0
A1191,saree,0
A1192,saree,0
A1193,saree,0
A1194,saree,0
A1195,saree,0
A1196,saree,0
A1197,saree,0
A1198,saree,0
A1199,saree,0
A1200,saree,0
A1201,saree,0
A1202,saree,0
A1203,saree,0
A1204,saree,0
A1205,saree,0
A1206,saree,0
A1207,saree,0
A1208,saree,0
A1209,saree,0
A1210,saree,0
A1211,saree,0
A1212,saree,0
A1213,saree,0
A1214,saree,0
A1215,saree,0
A1216,saree,0
A1217,saree,0
A1218,saree,0
A1219,saree,0
A1220,saree,0
A1221,saree,0
A1222,saree,0
A1223,saree,0
A1224,saree,0
A1225,saree,0
A1226,saree,0
A1227,saree,0
A1228,saree,0
A1229,saree,0
A1230,saree,0
A1231,saree,0
A1232,saree,0
A1233,saree,0
A1234,saree,0
A1235,saree,0
A1236,saree,0
A1237,saree,0
A1238,saree,0
A1239,saree,0
A1240,saree,0
A1241,saree,0
A1242,saree,0
A1243,saree,0
A1244,saree,0
A1245,saree,0
A1246,saree,0
A1247,saree,0
A1248,saree,0
A1249,saree,0
A1250,saree,0
A1251,saree,0
A1252,saree,0
A1253,saree,0
A1254,saree,0
A1255,saree,0
A1256,saree,0
A1257,saree,0
A1258,saree,0
A1259,saree,0
A1260,saree,0
A1261,saree,0
A1262,saree,0
A1263,saree,0
A1264,saree,0
A1265,saree,0
A1266,saree,0
A1267,saree,0
A1268,saree,0
A1269,saree,0
A1270,saree,0
A1271,saree,0
A1272,saree,0
A1273,saree,0
A1274,saree,0
A1275,saree,0
A1276,saree,0
A1277,saree,0
A1278,saree,0
A1279,saree,0
A1280,saree,0
A1281,saree,0
A1282,saree,0
A1283,saree,0
A1284,saree,0
A1285,saree,0
A1286,saree,0
A1287,saree,0
A1288,saree,0
A1289,saree,0
A1290,saree,0
A1291,saree,0
A1292,saree,0
A1293,saree,0
A1294,saree,0
A1295,saree,0
A1296,saree,0
A1297,saree,0
A1298,saree,0
A1299,saree,0
A1300,saree,0
A1301,saree,0
A1302,saree,0
A1303,saree,0
A1304,saree,0
A1305,saree,0
A1306,saree,0
A1307,saree,0
A1308,saree,0
A1309,saree,0
A1310,saree,0
A1311,saree,0
A1312,saree,0
A1313,saree,0
A1314,saree,0
A1315,saree,0
A1316,saree,0
A1317,saree,0
A1318,saree,0
A1319,saree,0
A1320,saree,0
A1321,saree,0
A1322,saree,0
A1323,saree,0
A1324,saree,0
A1325,saree,0
A1326,saree,0
A1327,saree,0
A1328,saree,0
A1329,saree,0
A1330,saree,0
A1331,saree,0
A1332,saree,0
A1333,saree,0
A1334,saree,0
A1335,saree,0
A1336,saree,0
A1337,saree,0
A1338,saree,0
A1339,saree,0
A1340,saree,0
A1341,saree,0
A1342,saree,0
A1343,saree,0
A1344,saree,0
A1345,saree,0
A1346,saree,0
A1347,saree,0
A1348,saree,0
A1349,saree,0
A1350,saree,0
A1351,saree,0
A1352,saree,0
A1353,saree,0
A1354,saree,0
A1355,saree,0
A1356,saree,0
A1357,saree,0
A1358,saree,0
A1359,saree,0
A1360,saree,0
A1361,saree,0
A1362,saree,0
A1363,saree,0
A1364,saree,0
A1365,saree,0
A1366,saree,0
A1367,saree,0
A1368,saree,0
A1369,saree,0
A1370,saree,0
A1371,saree,0
A1372,saree,0
A1373,saree,0
A1374,saree,0
A1375,saree,0
A1376,saree,0
A1377,saree,0
A1378,saree,0
A1379,saree,0
A1380,saree,0
A1381,saree,0
A1382,saree,0
A1383,saree,0
A1384,saree,0
A1385,saree,0
A1386,saree,0
A1387,saree,0
A1388,saree,0
A1389,saree,0
A1390,saree,0
A1391,saree,0
A1392,saree,0
A1393,saree,0
A1394,saree,0
A1395,saree,0
A1396,saree,0
A1397,saree,0
A1398,saree,0
A1399,saree,0
A1400,saree,0
A1401,saree,0
A1402,saree,0
A1403,saree,0
A1404,saree,0
A1405,saree,0
A1406,saree,0
A1407,saree,0
A1408,saree,0
A1409,saree,0
A1410,saree,0
A1411,saree,0
A1412,saree,0
A1413,saree,0
A1414,saree,0
A1415,saree,0
A1416,saree,0
A1417,saree,0
A1418,saree,0
A1419,saree,0
A1420,saree,0
A1421,saree,0
A1422,saree,0
A1423,saree,0
A1424,saree,0
A1425,saree,0
A1426,saree,0
A1427,saree,0
A1428,saree,0
A1429,saree,0
A1430,saree,0
A1431,saree,0
A1432,saree,0
A1433,saree,0
A1434,saree,0
A1435,saree,0
A1436,saree,0
A1437,saree,0
A1438,saree,0
A1439,saree,0
A1440,saree,0
A1441,saree,0
A1442,saree,0
A1443,saree,0
A1444,saree,0
A1445,saree,0
A1446,saree,0
A1447,saree,0
A1448,saree,0
A1449,saree,0
A1450,saree,0
A1451,saree,0
A1452,saree,0
A1453,saree,0
A1454,saree,0
A1455,saree,0
A1456,saree,0
A1457,saree,0
A1458,saree,0
A1459,saree,0
A1460,saree,0
A1461,saree,0
A1462,saree,0
A1463,saree,0
A1464,saree,0
A1465,saree,0
A1466,saree,0
A1467,saree,0
A1468,saree,0
A1469,saree,0
A1470,saree,0
A1471,saree,0
A1472,saree,0
A1473,saree,0
A1474,saree,0
A1475,saree,0
A1476,saree,0
A1477,saree,0
A1478,saree,0
A1479,saree,0
A1480,saree,0
A1481,saree,0
A1482,saree,0
A1483,saree,0
A1484,saree,0
A1485,saree,0
A1486,saree,0
A1487,saree,0
A1488,saree,0
A1489,saree,0
A1490,saree,0
A1491,saree,0
A1492,saree,0
A1493,saree,0
A1494,saree,0
A1495,saree,0
A1496,saree,0
A1497,saree,0
A1498,saree,0
A1499,saree,0
A1500,saree,0